,Estimate,Std. Error,t value,Pr(>|t|),diff.data_A,diff.data_B,diff.data_C,diff.data_D,diff.data_E,diff.data_F,cov.scaled.dataA,cov.scaled.dataB,cov.scaled.dataC,cov.scaled.dataD,cov.scaled.dataE,cov.scaled.dataF,cov.unscaled.dataA,cov.unscaled.dataB,cov.unscaled.dataC,cov.unscaled.dataD,cov.unscaled.dataE,cov.unscaled.dataF
dataA,460741.491469594,37616.7993977183,12.2482906267018,1.51170814158252e-28,0,-78523.636300688,-49750.8384536287,-50715.646884843,25572.4064136134,460741.491469594,1415023596.92818,0,0,0,0,0,0.0282382730537189,0,0,0,0,0
dataB,539265.127770282,37383.0108777658,14.4254064910277,1.0955157474452e-36,78523.636300688,0,28772.7978470594,27807.9894158451,104096.042714301,539265.127770282,0,1397489502.28716,0,0,0,0,0,0.027888361890896,0,0,0,0
dataC,510492.329923223,36606.8171889903,13.9452803910184,7.31746419655117e-35,49750.8384536287,-28772.7978470594,0,-964.808431214304,75323.2448672421,510492.329923223,0,0,1340059064.70816,0,0,0,0,0,0.026742277555998,0,0,0
dataD,511457.138354437,37216.9632013545,13.7425811877048,4.27037341695922e-34,50715.646884843,-27807.9894158451,964.808431214304,0,76288.0532984564,511457.138354437,0,0,0,1385102349.93097,0,0,0,0,0,0.0276411633343833,0,0
dataE,435169.085055981,36033.798570029,12.0766919482624,6.35964331443647e-28,-25572.4064136134,-104096.042714301,-75323.2448672421,-76288.0532984564,0,435169.085055981,0,0,0,0,1298434639.38543,0,0,0,0,0,0.0259116186959486,0
dataF,0,38532.0209088765,0,1,-460741.491469594,-539265.127770282,-510492.329923223,-511457.138354437,-435169.085055981,0,0,0,0,0,0,1484716635.32209,0,0,0,0,0,0.0296290703891011
