,Estimate,Std. Error,t value,Pr(>|t|),diff.data_A,diff.data_B,diff.data_C,diff.data_D,diff.data_E,diff.data_F,cov.scaled.dataA,cov.scaled.dataB,cov.scaled.dataC,cov.scaled.dataD,cov.scaled.dataE,cov.scaled.dataF,cov.unscaled.dataA,cov.unscaled.dataB,cov.unscaled.dataC,cov.unscaled.dataD,cov.unscaled.dataE,cov.unscaled.dataF
dataA,511878.645724686,13079.7407282212,39.1352287756164,2.01506000964578e-259,0,23635.3484784132,31717.5594275416,9784.88018057094,19273.2164836493,511878.645724686,171079617.517489,0,0,0,0,0,0.0272693682607466,0,0,0,0,0
dataB,488243.297246272,13246.0180293324,36.8596280153848,5.55941141590973e-236,-23635.3484784132,0,8082.21094912832,-13850.4682978423,-4362.13199476391,488243.297246272,0,175456993.633399,0,0,0,0,0,0.0279671035202278,0,0,0,0
dataC,480161.086297144,13166.0058499572,36.4697609714874,5.29811502351781e-232,-31717.5594275416,-8082.21094912832,0,-21932.6792469706,-12444.3429438922,480161.086297144,0,0,173343710.041108,0,0,0,0,0,0.0276302550437477,0,0,0
dataD,502093.765544115,13224.9641100208,37.965605151523,2.48747884927917e-247,-9784.88018057094,13850.4682978423,21932.6792469706,0,9488.33630307839,502093.765544115,0,0,0,174899675.711339,0,0,0,0,0,0.02787826939799,0,0
dataE,492605.429241036,13092.5448324348,37.6248800783696,7.96987764678341e-244,-19273.2164836493,4362.13199476391,12444.3429438922,-9488.33630307839,0,492605.429241036,0,0,0,0,171414730.189315,0,0,0,0,0,0.0273227838048625,0
dataF,0,13395.4781967973,0,1,-511878.645724686,-488243.297246272,-480161.086297144,-502093.765544115,-492605.429241036,0,0,0,0,0,0,179438836.120871,0,0,0,0,0,0.0286017923903738
