,Estimate,Std. Error,t value,Pr(>|t|),diff.data_A,diff.data_B,diff.data_C,diff.data_D,diff.data_E,diff.data_F,cov.scaled.dataA,cov.scaled.dataB,cov.scaled.dataC,cov.scaled.dataD,cov.scaled.dataE,cov.scaled.dataF,cov.unscaled.dataA,cov.unscaled.dataB,cov.unscaled.dataC,cov.unscaled.dataD,cov.unscaled.dataE,cov.unscaled.dataF
dataA,602275.205100373,51367.790315651,11.7247637361747,2.48297747374929e-22,0,129597.820935409,73133.3479660273,42058.391393108,40141.3733538489,602275.205100373,2638649881.91268,0,0,0,0,0,0.0270039167344456,0,0,0,0,0
dataB,472677.384164964,52802.1692445528,8.95185540532932,2.42470537949646e-15,-129597.820935409,0,-56464.4729693814,-87539.4295423008,-89456.4475815598,472677.384164964,0,2788069076.9304,0,0,0,0,0,0.0285330712950581,0,0,0,0
dataC,529141.857134345,50896.584673016,10.3964118719125,5.84653067824376e-19,-73133.3479660273,56464.4729693814,0,-31074.9565729194,-32991.9746121784,529141.857134345,0,0,2590462331.37748,0,0,0,0,0,0.0265107658199536,0,0,0
dataD,560216.813707265,51208.2142854449,10.9399794842387,2.44884517296438e-20,-42058.391393108,87539.4295423008,31074.9565729194,0,-1917.01803925901,560216.813707265,0,0,0,2622281210.30404,0,0,0,0,0,0.0268363999114661,0,0
dataE,562133.831746524,52576.4493830163,10.6917419936712,1.04431594270702e-19,-40141.3733538489,89456.4475815598,32991.9746121784,1917.01803925901,0,562133.831746524,0,0,0,0,2764283029.72488,0,0,0,0,0,0.0282896451237489,0
dataF,-3.83969075087005e-11,53213.5089176642,-7.21563157357485e-16,1,-602275.205100373,-472677.384164964,-529141.857134345,-560216.813707265,-562133.831746524,0,0,0,0,0,0,2831677531.33033,0,0,0,0,0,0.0289793597850945
