,Estimate,Std. Error,t value,Pr(>|t|),diff.data_A,diff.data_B,diff.data_C,diff.data_D,diff.data_E,diff.data_F,cov.scaled.dataA,cov.scaled.dataB,cov.scaled.dataC,cov.scaled.dataD,cov.scaled.dataE,cov.scaled.dataF,cov.unscaled.dataA,cov.unscaled.dataB,cov.unscaled.dataC,cov.unscaled.dataD,cov.unscaled.dataE,cov.unscaled.dataF
dataA,527779.946808049,51039.788440125,10.3405590606472,4.3449290776551e-19,0,117342.16146318,14301.6806493343,33292.0764520463,64601.9536355361,527779.946808049,2605060004.01271,0,0,0,0,0,0.0285682666219881,0,0,0,0,0
dataB,410437.785344869,49562.3090864549,8.28124824912645,7.62523430586716e-14,-117342.16146318,0,-103040.480813845,-84050.0850111335,-52740.2078276437,410437.785344869,0,2456422481.98129,0,0,0,0,0,0.0269382403067077,0,0,0,0
dataC,513478.266158715,52716.0840753662,9.74044781901125,1.5550469463414e-17,-14301.6806493343,103040.480813845,0,18990.395802712,50300.2729862017,513478.266158715,0,0,2778985520.24108,0,0,0,0,0,0.0304756125227832,0,0,0
dataD,494487.870356003,50571.2964555141,9.7780342805921,1.24418155903382e-17,-33292.0764520463,84050.0850111335,-18990.395802712,0,31309.8771834898,494487.870356003,0,0,0,2557456025.19149,0,0,0,0,0,0.0280462198525712,0,0
dataE,463177.993172513,51378.8564308195,9.01495333583712,1.11125507976267e-15,-64601.9536355361,52740.2078276437,-50300.2729862017,-31309.8771834898,0,463177.993172513,0,0,0,0,2639786888.13876,0,0,0,0,0,0.028949097344941,0
dataF,0,48517.0170066874,0,1,-527779.946808049,-410437.785344869,-513478.266158715,-494487.870356003,-463177.993172513,0,0,0,0,0,0,2353900939.22719,0,0,0,0,0,0.0258139426846241
