,Estimate,Std. Error,t value,Pr(>|t|),diff.data_A,diff.data_B,diff.data_C,diff.data_D,diff.data_E,diff.data_F,cov.scaled.dataA,cov.scaled.dataB,cov.scaled.dataC,cov.scaled.dataD,cov.scaled.dataE,cov.scaled.dataF,cov.unscaled.dataA,cov.unscaled.dataB,cov.unscaled.dataC,cov.unscaled.dataD,cov.unscaled.dataE,cov.unscaled.dataF
dataA,282716,89187.0009217287,3.16992383506778,0.00388118607918586,0,-398447.375,-204755,-231288.5,-197052.4,282716,7954321133.41243,0,0,0,0,0,0.0242917107253596,0,0,0,0,0
dataB,681163.375,100122.329037734,6.8033113247224,3.2045304836259e-07,398447.375,0,193692.375,167158.875,201394.975,681163.375,0,10024480771.9403,0,0,0,0,0,0.0306137736960384,0,0,0,0
dataC,487471,97799.8953492585,4.98437138668877,3.50194591453527e-05,204755,-193692.375,0,-26533.4999999998,7702.5999999998,487471,0,0,9564819530.32591,0,0,0,0,0,0.0292100136861422,0,0,0
dataD,514004.5,101906.723899423,5.04387228174756,2.99326569757575e-05,231288.5,-167158.875,26533.4999999998,0,34236.0999999996,514004.5,0,0,0,10384980375.9132,0,0,0,0,0,0.0317147038633572,0,0
dataE,479768.4,93502.2071261045,5.13109171158865,2.37850810564654e-05,197052.4,-201394.975,-7702.5999999998,-34236.0999999996,0,479768.4,0,0,0,0,8742662737.45294,0,0,0,0,0,0.0266992280831486,0
dataF,-1.80864743569607e-11,88902.9728540823,-2.03440602449215e-16,1,-282716,-681163.375,-487471,-514004.5,-479768.4,0,0,0,0,0,0,7903738582.29369,0,0,0,0,0,0.0241372366126204
