,Estimate,Std. Error,t value,Pr(>|t|),diff.data_A,diff.data_B,diff.data_C,diff.data_D,diff.data_E,diff.data_F,cov.scaled.dataA,cov.scaled.dataB,cov.scaled.dataC,cov.scaled.dataD,cov.scaled.dataE,cov.scaled.dataF,cov.unscaled.dataA,cov.unscaled.dataB,cov.unscaled.dataC,cov.unscaled.dataD,cov.unscaled.dataE,cov.unscaled.dataF
dataA,472361.623765618,66346.8371503761,7.11958013454362,1.55769873863975e-10,0,-62188.3353457315,-39106.6567051618,30441.5408301725,-102609.403763261,472361.623765618,4401902799.85852,0,0,0,0,0,0.0267249304462905,0,0,0,0,0
dataB,534549.959111349,69151.0478629391,7.73017872658784,7.81138507212965e-12,62188.3353457315,0,23081.6786405697,92629.8761759041,-40421.0684175292,534549.959111349,0,4781867420.5425,0,0,0,0,0,0.0290317801250605,0,0,0,0
dataC,511468.28047078,67356.9003474446,7.59340584012168,1.53556002300047e-11,39106.6567051618,-23081.6786405697,0,69548.1975353343,-63502.747058099,511468.28047078,0,0,4536952024.41558,0,0,0,0,0,0.0275448443101834,0,0,0
dataD,441920.082935445,68864.2146156733,6.4172674501811,4.42356796460127e-09,-30441.5408301725,-92629.8761759041,-69548.1975353343,0,-133050.944593433,441920.082935445,0,0,0,4742280054.63351,0,0,0,0,0,0.0287914364263074,0,0
dataE,574971.027528879,68311.1249975987,8.41694566659662,2.52663450744064e-13,102609.403763261,40421.0684175292,63502.747058099,133050.944593433,0,574971.027528879,0,0,0,0,4666409798.43756,0,0,0,0,0,0.0283308112348915,0
dataF,0,65743.1510057288,0,1,-472361.623765618,-534549.959111349,-511468.28047078,-441920.082935445,-574971.027528879,0,0,0,0,0,0,4322161904.16205,0,0,0,0,0,0.0262408057420191
