,Estimate,Std. Error,t value,Pr(>|t|),diff.data_A,diff.data_B,diff.data_C,diff.data_D,diff.data_E,diff.data_F,cov.scaled.dataA,cov.scaled.dataB,cov.scaled.dataC,cov.scaled.dataD,cov.scaled.dataE,cov.scaled.dataF,cov.unscaled.dataA,cov.unscaled.dataB,cov.unscaled.dataC,cov.unscaled.dataD,cov.unscaled.dataE,cov.unscaled.dataF
dataA,490326.381072653,22374.0620618725,21.9149468575138,2.82844141975881e-84,0,-553.830139312253,9293.76862659596,3790.93518013891,-23523.170010773,490326.381072653,500598653.148524,0,0,0,0,0,0.000191282528980089,0,0,0,0,0
dataB,490880.211211965,22843.0062542455,21.4892998648429,1.02763532056682e-81,553.830139312253,0,9847.59876590822,4344.76531945117,-22969.3398714608,490880.211211965,0,521802934.731501,0,0,0,0,0,0.000199384845238607,0,0,0,0
dataC,481032.612446057,22927.6724237549,20.9804381166781,1.1326196609973e-78,-9293.76862659596,-9847.59876590822,0,-5502.83344645705,-32816.938637369,481032.612446057,0,0,525678162.77101,0,0,0,0,0,0.000200865599162154,0,0,0
dataD,486535.445892514,23130.2251859398,21.0346177774467,5.38499241542181e-79,-3790.93518013891,-4344.76531945117,5502.83344645705,0,-27314.1051909119,486535.445892514,0,0,0,535007317.152282,0,0,0,0,0,0.000204430339562616,0,0
dataE,513849.551083426,23228.2473609055,22.1217530147481,1.5952880132425e-85,23523.170010773,22969.3398714608,32816.938637369,27314.1051909119,0,513849.551083426,0,0,0,0,539551475.459412,0,0,0,0,0,0.000206166696797312,0
dataF,1.07094566262849e-11,22895.552201374,4.67752711622398e-16,1,-490326.381072653,-490880.211211965,-481032.612446057,-486535.445892514,-513849.551083426,0,0,0,0,0,0,524206310.605842,0,0,0,0,0,0.000200303193325327
